Crimes,Spring,Summer,Autumn,Winter,ALL_SEASONS
[MISCELLANEOUS PENAL LAW] AGGRAVATED HARASSMENT 1,,,,,
"[GAMBLING] GAMBLING 1,PROMOTING,POLICY",,,,,
"[NEW YORK CITY HEALTH CODE] HEALTH CODE,VIOLATION",,,,,
"[BURGLARY] BURGLARY,UNCLASSIFIED,NIGHT",-0.008740875163393958,-0.007303667382803654,-0.009572310714109529,-0.0072963252145650005,-0.008369342420193767
"[OTHER OFFENSES RELATED TO THEF] THEFT OF SERVICES, UNCLASSIFIE",,,,,
[DANGEROUS DRUGS] SALES OF PRESCRIPTION,,,,,
"[PETIT LARCENY] LARCENY,PETIT BY CHECK USE",,,,,
"[DANGEROUS DRUGS] CONTROLLED SUBSTANCE,SALE 2",,,,,
"[MISCELLANEOUS PENAL LAW] TRESPASS 4,CRIMINAL SUB 2",,,,,
"[ROBBERY] ROBBERY,CHECK CASHING BUSINESS",,,,,
[OFFENSES AGAINST PUBLIC ADMINI] RESISTING ARREST,,,,,
"[MISCELLANEOUS PENAL LAW] CONSPIRACY 2, 1",,,,,
[OTHER STATE LAWS (NON PENAL LA] NAVIGATION LAW,,,,,
"[OTHER TRAFFIC INFRACTION] TRAFFIC,UNCLASSIFIED INFRACTIO",,,,,
"[SEX CRIMES] CHILD, ENDANGERING WELFARE",,,,,
"[ANTICIPATORY OFFENSES] FACILITATION 4, CRIMINAL",0.007819878160881012,0.007141734301278891,0.010685514262318993,0.010497945547823876,0.009275230341840301
[SEX CRIMES] SODOMY 1,,,,,
[MURDER & NON-NEGL. MANSLAUGHTER] Not Stated,,,,,
[PROSTITUTION & RELATED OFFENSES] SEX TRAFFICKING,,,,,
"[ARSON] ARSON, MOTOR VEHICLE 1 2 3 & 4",-0.02918810956242688,-0.031634403240517785,-0.031210866917418062,-0.027400323349718515,-0.030318158956978918
"[DANGEROUS DRUGS] MARIJUANA, POSSESSION 4 & 5",,,,,
"[ROBBERY] ROBBERY,BICYCLE",,,,,
[MISCELLANEOUS PENAL LAW] VEHICULAR ASSAULT (INTOX DRIVE,,,,,
"[ROBBERY] ROBBERY, CHAIN STORE",,,,,
[MISCELLANEOUS PENAL LAW] AGGRAVATED CRIMINAL CONTEMPT,,,,,
"[BURGLARY] BURGLARY,COMMERCIAL,NIGHT",-0.017303759787351967,-0.021954433315207664,-0.021810298192871082,-0.019966118819735076,-0.020637794154309403
"[GRAND LARCENY OF MOTOR VEHICLE] LARCENY,GRAND OF TRUCK",,,,,
"[CRIMINAL MISCHIEF & RELATED OF] MISCHIEF,CRIMINAL,    UNCL 2ND",,,,,
[CRIMINAL MISCHIEF & RELATED OF] CRIMINAL MIS 2 & 3,,,,,
"[BURGLARY] BURGLARY,RESIDENCE,UNKNOWN TIM",-0.012238084415244647,-0.014559292707020995,-0.010566264263954395,-0.015194288329641446,-0.01335369847346307
TAX LAW,0.0018445778285346543,0.012777875761558153,0.010979213637760077,0.004621328065960469,0.00770973595174832
[FELONY ASSAULT] STRANGULATION 1ST,,,,,
"[GRAND LARCENY] LARCENY,GRAND BY BANK ACCT COMPROMISE-REPRODUCED CHECK",,,,,
[FRAUDS] COMPUTER UNAUTH. USE/TAMPER,,,,,
"[MISCELLANEOUS PENAL LAW] MARIJUANA, POSSESSION",,,,,
"[ROBBERY] ROBBERY,NECKCHAIN/JEWELRY",,,,,
[SEX CRIMES] SODOMY 2,,,,,
[MISCELLANEOUS PENAL LAW] RIOT 1,,,,,
"[ANTICIPATORY OFFENSES] SOLICITATION 4, CRIMINAL",,,,,
[UNLAWFUL POSS. WEAP. ON SCHOOL] UNLAWFUL POSS. WEAPON UPON SCH,,,,,
"[DISRUPTION OF A RELIGIOUS SERV] DIS. CON.,AGGRAVATED",,,,,
[MISCELLANEOUS PENAL LAW] EXPOSURE OF A PERSON,,,,,
"[PROSTITUTION & RELATED OFFENSES] PROSTITUTION 4,PROMOTING&SECUR",,,,,
"[OTHER STATE LAWS (NON PENAL LA] PUBLIC HEALTH LAW,UNCLASSIFIED",,,,,
"[ASSAULT 3 & RELATED OFFENSES] MENACING,PEACE OFFICER",,,,,
[OTHER STATE LAWS (NON PENAL LA] TAX LAW,,,,,
[ASSAULT 3 & RELATED OFFENSES] OBSTR BREATH/CIRCUL,-0.012238084415244817,-0.01170522032253715,-0.013146976498245564,-0.008393131418164022,-0.011514346066649972
[ASSAULT 3 & RELATED OFFENSES] ASSAULT 3,-0.06864894811315625,-0.08495760666177742,-0.09302871782225534,-0.06815079716131218,-0.08010465726031991
"[PETIT LARCENY] LARCENY,PETIT OF VEHICLE ACCES",,,,,
"[GRAND LARCENY] LARCENY,GRAND FROM PERSON,UNCL",,,,,
"[MISCELLANEOUS PENAL LAW] ESCAPE 2,1",,,,,
[MISCELLANEOUS PENAL LAW] MAKING TERRORISTIC THREAT,,,,,
"[GRAND LARCENY] LARCENY,GRAND BY FALSE PROMISE",,,,,
"[BURGLARY] BURGLARY,COMMERCIAL,UNKNOWN TI",-0.0070621695293013155,-0.007303667382803686,-0.009572310714109529,-0.008768091183236586,-0.008369342420193765
"PRIVACY,OFFENSES AGAINST,UNCLA",,,,,
FALSE REPORT BOMB,-0.0023751605201245978,-0.007201240556070132,-0.0050005623605171075,-0.006502758626658162,-0.005398699116124269
"[OTHER STATE LAWS (NON PENAL LA] NY STATE LAWS,UNCLASSIFIED MIS",,,,,
"[OFFENSES INVOLVING FRAUD] RECORDS,FALSIFY-TAMPER",,,,,
"[DANGEROUS DRUGS] CONTROLLED SUBSTANCE,SALE 3",,,,,
[ALCOHOLIC BEVERAGE CONTROL LAW] ALCOHOLIC BEVERAGE CONTROL LAW,0.000367335303557878,-0.0013840514138095752,0.007785458067247598,0.006435780661003557,0.003573995557633773
"[BURGLAR'S TOOLS] BURGLARS TOOLS,UNCLASSIFIED",-0.007062169529301311,-0.00730366738280366,-0.009572310714109519,-0.008768091183236537,-0.008369342420193722
[OFF. AGNST PUB ORD SENSBLTY &] DISSEMINATING A FALSE SEX OFFEND,,,,,
"[OFFENSES RELATED TO CHILDREN] CHILD,ALCOHOL SALE TO",,,,,
"[GRAND LARCENY] LARCENY,GRAND OF BICYCLE",,,,,
"[GRAND LARCENY] LARCENY,GRAND FROM PIER, UNATTENDED",,,,,
[MISCELLANEOUS PENAL LAW] EAVESDROPPING,,,,,
"[DANGEROUS DRUGS] CONTROLLED SUBSTANCE,POSSESS.-",,,,,
"[GAMBLING] GAMBLING 2,PROMOTING,UNCLASSIF",,,,,
[ADMINISTRATIVE CODE] N.Y.C. TRANSIT AUTH. R&R,,,,,
"[HARRASSMENT 2] HARASSMENT,SUBD 1,CIVILIAN",,,,,
"[INTOXICATED/IMPAIRED DRIVING] INTOXICATED DRIVING,ALCOHOL",,,,,
"[DANGEROUS DRUGS] CONTROLLED SUBSTANCE,SALE 1",,,,,
"[DANGEROUS DRUGS] MARIJUANA, POSSESSION 1, 2 & 3",-0.007062169529301328,-0.008950652510885762,-0.009572310714109529,-0.005824559245893408,-0.007971307745802816
"[ROBBERY] ROBBERY,ON BUS/ OR BUS DRIVER",,,,,
[ARSON] ARSON 1,-0.0037047582611160457,-0.007303667382803662,-0.009572310714109526,-0.008768091183236537,-0.007573273071411816
"[GAMBLING] GAMBLING 2, PROMOTING, POLICY-",,,,,
"[PETIT LARCENY] LARCENY,PETIT FROM TRUCK",,,,,
"[GRAND LARCENY OF MOTOR VEHICLE] LARCENY, GRAND OF MOPED",,,,,
"[PETIT LARCENY OF MOTOR VEHICLE] LARCENY,PETIT OF AUTO",,,,,
"[PROSTITUTION & RELATED OFFENSES] PROSTITUTION 2, COMPULSORY",,,,,
[RAPE] RAPE 3,,,,,
"[BURGLARY] BURGLARY,UNKNOWN TIME",,,,,
"[HARRASSMENT 2] HARASSMENT,SUBD 3,4,5",,,,,
[MISCELLANEOUS PENAL LAW] MENACING 1ST DEGREE (VICT PEAC,,,,,
"[RAPE] RAPE 1,ATTEMPT",,,,,
[RAPE] RAPE 2,,,,,
[MISCELLANEOUS PENAL LAW] CRIMINAL CONTEMPT 1,,,,,
[THEFT-FRAUD] COMPUTER TAMPER/TRESSPASS,,,,,
"[OFF. AGNST PUB ORD SENSBLTY &] ASSEMBLY,UNLAWFUL",,,,,
[OFFENSES AGAINST PUBLIC ADMINI] ABSCONDING FROM WORK RELEASE 2,,,,,
"[ROBBERY] ROBBERY,DWELLING",,,,,
MATERIAL              OFFENSIV,0.003010064275254481,0.017401109538428088,0.0023415978268073604,6.250462879296642e-05,0.005561871183489539
"[GRAND LARCENY] LARCENY,GRAND FROM BOAT, UNATTENDED",,,,,
"[MISCELLANEOUS PENAL LAW] BRIBERY,FRAUD",,,,,
[OFFENSES AGAINST THE PERSON] RECKLESS ENDANGERMENT 2,,,,,
"[PETIT LARCENY] LARCENY,PETIT FROM COIN MACHIN",,,,,
[DANGEROUS DRUGS] POSS METH MANUFACT MATERIAL,,,,,
[CRIMINAL MISCHIEF & RELATED OF] RECKLESS ENDANGERMENT OF PROPE,,,,,
"[CRIMINAL MISCHIEF & RELATED OF] CRIMINAL MISCHIEF,UNCLASSIFIED 4",-0.015947764919951684,-0.013873131542094658,-0.01617151476559106,-0.015488032314476832,-0.015645045514375282
[OFF. AGNST PUB ORD SENSBLTY &] FALSE REPORT BOMB,,,,,
"[MISCELLANEOUS PENAL LAW] BRIBERY,PUBLIC ADMINISTRATION",,,,,
[PROSTITUTION & RELATED OFFENSES] PROSTITUTION,,,,,
"[MISCELLANEOUS PENAL LAW] FIREWORKS, POSSESS/USE",,,,,
"[GRAND LARCENY] LARCENY,GRAND PERSON,NECK CHAI",,,,,
[DANGEROUS WEAPONS] WEAPONS POSSESSION 1 & 2,,,,,
"[ARSON] ARSON 2,3,4",0.046152999904669825,0.05820426023135126,0.052474892783951295,0.044040125713263406,0.050945439032906076
[MISCELLANEOUS PENAL LAW] TERRORISM PROVIDE SUPPORT,,,,,
"[SEX CRIMES] OBSCENITY, PERFORMANCE 3",,,,,
[PETIT LARCENY] PETIT LARCENY-CHECK FROM MAILB,,,,,
"[ROBBERY] ROBBERY,POCKETBOOK/CARRIED BAG",,,,,
"[GRAND LARCENY] LARCENY,GRAND OF VEHICULAR/MOTORCYCLE ACCESSORIES",,,,,
"[DANGEROUS WEAPONS] WEAPONS, POSSESSION, ETC",-0.00874087516339395,-0.00730366738280366,-0.009572310714109527,-0.008768091183236591,-0.008767377094584727
"[OFFENSES AGAINST PUBLIC SAFETY] FIREWORKS, SALE",,,,,
[MISCELLANEOUS PENAL LAW] BAIL JUMPING 1 & 2,,,,,
"[CRIMINAL MISCHIEF & RELATED OF] MISCHIEF, CRIMINAL 4, BY FIRE",-0.008740875163393922,-0.008950652510885785,-0.005104595011265676,-0.007296325214564953,-0.007573273071411816
"[SEX CRIMES] SEXUAL MISCONDUCT,INTERCOURSE",,,,,
[KIDNAPPING & RELATED OFFENSES] CUSTODIAL INTERFERENCE 1,,,,,
"[BURGLARY] BURGLARY,COMMERCIAL,DAY",-0.009329043337551237,-0.006948433015064251,-0.007125314618232883,-0.0075429868042292654,-0.007835641253023736
"[PETIT LARCENY] LARCENY,PETIT FROM BOAT",,,,,
[DANGEROUS DRUGS] USE CHILD TO COMMIT CONT SUB OFF,,,,,
"[DANGEROUS DRUGS] CONTROLLED SUBSTANCE,POSSESS.",,,,,
[KIDNAPPING & RELATED OFFENSES] KIDNAPPING 1,,,,,
"[OTHER STATE LAWS] NY STATE LAWS,UNCLASSIFIED VIO",,,,,
"[GRAND LARCENY] LARCENY,GRAND FROM VEHICLE/MOTORCYCLE",,,,,
[MISCELLANEOUS PENAL LAW] THEFT OF SERVICES- CABLE TV SE,,,,,
"[OFFENSES RELATED TO CHILDREN] CHILD,OFFENSES AGAINST,UNCLASS",,,,,
"[GAMBLING] GAMBLING, DEVICE, POSSESSION",,,,,
"[PETIT LARCENY] LARCENY,PETIT OF LICENSE PLATE",,,,,
[MISCELLANEOUS PENAL LAW] PROMOTING A SEXUAL PERFORMANCE,,,,,
"[THEFT-FRAUD] FRAUD,UNCLASSIFIED-FELONY",,,,,
"[FRAUDULENT ACCOSTING] ACCOSTING,FRAUDULENT",,,,,
"THEFT OF SERVICES, UNCLASSIFIE",-0.01117720157313283,-0.00800173371975744,-0.001954216866257702,-0.0071982534279784495,-0.007053078839464883
"[PROSTITUTION & RELATED OFFENSES] PROSTITUTION 2, UNDER 16",,,,,
"[BURGLARY] BURGLARY,RESIDENCE,NIGHT",-0.018712500797063603,-0.018105540014455773,-0.021981283134494246,-0.019332938812457658,-0.01991609600682831
"[POSSESSION OF STOLEN PROPERTY] STOLEN PROPERTY 2,1,POSSESSION",,,,,
[VEHICLE AND TRAFFIC LAWS] RECKLESS DRIVING,,,,,
[VEHICLE AND TRAFFIC LAWS] LEAVING SCENE-ACCIDENT-PERSONA,,,,,
"[VEHICLE AND TRAFFIC LAWS] TRAFFIC,UNCLASSIFIED MISDEMEAN",,,,,
"[GRAND LARCENY] LARCENY,GRAND FROM PERSON,PICK",-0.005383463895208675,-0.008950652510885794,-0.009572310714109513,-0.008768091183236548,-0.008369342420193743
"[GRAND LARCENY OF MOTOR VEHICLE] LARCENY,GRAND OF AUTO",,,,,
[UNAUTHORIZED USE OF A VEHICLE] UNAUTHORIZED USE VEHICLE 3,,,,,
"[ROBBERY] ROBBERY,BAR/RESTAURANT",,,,,
[MISCELLANEOUS PENAL LAW] MENACING 1ST DEGREE (VICT NOT,,,,,
"[OFFENSES AGAINST PUBLIC SAFETY] PUBLIC SAFETY,UNCLASSIFIED MIS",,,,,
[CHILD ABANDONMENT/NON SUPPORT] CHILD ABANDONMENT,,,,,
"[PETIT LARCENY] LARCENY,PETIT FROM AUTO",,,,,
"[PETIT LARCENY] LARCENY,PETIT FROM PIER",,,,,
[MISCELLANEOUS PENAL LAW] RECKLESS ENDANGERMENT 1,,,,,
"[ADMINISTRATIVE CODE] PEDDLING,UNLAWFUL",-0.0053834638952086535,-0.005656682254721553,-0.006593833578880283,-0.0058245592458933395,-0.005981134373848007
"[MISCELLANEOUS PENAL LAW] IMPERSONATION 1, POLICE OFFICE",,,,,
"[HOMICIDE-NEGLIGENT-VEHICLE] HOMICIDE, NEGLIGENT, VEHICLE,",,,,,
"[OFFENSES AGAINST THE PERSON] IMPRISONMENT 2,UNLAWFUL",,,,,
"[ENDAN WELFARE INCOMP] INCOMPETENT PERSON,RECKLESSY ENDANGERING",,,,,
"[OFFENSES AGAINST PUBLIC ADMINI] CONTEMPT,CRIMINAL",,,,,
"[ADMINISTRATIVE CODES] NOISE,UNECESSARY",-0.00034734699293077195,-0.0023627119985573136,-0.008083072146494914,-0.008768091183236579,-0.005185065025066144
"[OTHER STATE LAWS] A.B.C.,FALSE PROOF OF AGE",,,,,
"[DANGEROUS DRUGS] MARIJUANA, SALE 1, 2 & 3",,,,,
"[OFF. AGNST PUB ORD SENSBLTY &] LEWDNESS,PUBLIC",,,,,
"[MISCELLANEOUS PENAL LAW] FALSE REPORT 1,FIRE",,,,,
[MISCELLANEOUS PENAL LAW] APPEARANCE TICKET FAIL TO RESP,,,,,
"[CRIMINAL MISCHIEF & RELATED OF] CRIMINAL MISCHIEF 4TH, GRAFFIT",-0.021792445788318897,-0.0245447698969537,-0.020610455869248277,-0.018060892841845585,-0.02149216753576618
[MISCELLANEOUS PENAL LAW] UNAUTHORIZED USE VEHICLE 2,,,,,
"[INTOXICATED & IMPAIRED DRIVING] IMPAIRED DRIVING,DRUG",,,,,
"[CRIMINAL TRESPASS] TRESPASS 2, CRIMINAL",,,,,
RIOT 2/INCITING,0.024311915422627946,0.03178334337590047,0.03649631271591076,0.028461300637228085,0.030897569067732816
[DANGEROUS DRUGS] POSSESSION HYPODERMIC INSTRUME,,,,,
[RAPE] RAPE 1,,,,,
[OFF. AGNST PUB ORD SENSBLTY &] AGGRAVATED HARASSMENT 2,,,,,
[MISCELLANEOUS PENAL LAW] USE OF A CHILD IN A SEXUAL PER,,,,,
"[GRAND LARCENY OF MOTOR VEHICLE] LARCENY, GRAND OF AUTO - ATTEM",,,,,
"[OTHER STATE LAWS (NON PENAL LA] AGRICULTURE & MARKETS LAW,UNCL",,,,,
"[PETIT LARCENY] LARCENY,PETIT BY DISHONEST EMP",,,,,
"[OFF. AGNST PUB ORD SENSBLTY &] NUISANCE,CRIMINAL,UNCLASSIFIED",,,,,
"[CRIMINAL MISCHIEF & RELATED OF] TAMPERING 1,CRIMINAL",,,,,
"[PETIT LARCENY OF MOTOR VEHICLE] LARCENY,PETIT OF TRUCK",,,,,
"[GRAND LARCENY] LARCENY,GRAND BY EXTORTION",,,,,
"[ROBBERY] ROBBERY,COMMERCIAL UNCLASSIFIED",,,,,
[KIDNAPPING & RELATED OFFENSES] KIDNAPPING 2,,,,,
"[PETIT LARCENY OF MOTOR VEHICLE] LARCENY, PETIT OF MOPED",,,,,
"[BURGLARY] BURGLARY,UNCLASSIFIED,UNKNOWN",-0.008740875163393908,-0.0056566822547215725,-0.009572310714109522,-0.008768091183236515,-0.008369342420193713
[MISCELLANEOUS PENAL LAW] MANUFACTURE UNAUTHORIZED RECOR,,,,,
[OFFENSES AGAINST PUBLIC ADMINI] BAIL JUMPING 3,,,,,
"[PETIT LARCENY] LARCENY,PETIT BY FALSE PROMISE",,,,,
"[MISCELLANEOUS PENAL LAW] TRESPASS 1,CRIMINAL",,,,,
"[OTHER STATE LAWS (NON PENAL LA] GENERAL BUSINESS LAW,TICKET SP",,,,,
"[FORGERY] FORGERY,M.V. REGISTRATION",,,,,
"[ROBBERY] ROBBERY,BANK",,,,,
"[SEX CRIMES] SEXUAL ABUSE 3,2",,,,,
"[DANGEROUS DRUGS] DRUG, INJECTION OF",,,,,
[DANGEROUS DRUGS] SALE SCHOOL GROUNDS 4,,,,,
"[CRIMINAL MISCHIEF & RELATED OF] TAMPERING 3,2, CRIMINAL",,,,,
"[FORGERY] FORGERY,ETC.,UNCLASSIFIED-FELO",,,,,
"[PETIT LARCENY] LARCENY,PETIT FROM PARKING MET",,,,,
"[GRAND LARCENY] LARCENY,GRAND BY ACQUIRING LOS",-0.00874087516339395,-0.00895065251088576,-0.008083072146494901,-0.008768091183236593,-0.008767377094584725
"[SEX CRIMES] SEXUAL MISCONDUCT,DEVIATE",,,,,
[OFFENSES AGAINST THE PERSON] CUSTODIAL INTERFERENCE 2,,,,,
"[BURGLARY] BURGLARY,UNCLASSIFIED,DAY",-0.009989884089757003,-0.011496380186150418,-0.01248732614007144,-0.009280159189837595,-0.010994394848745457
"[GRAND LARCENY] LARCENY,GRAND FROM STORE-SHOPL",,,,,
"[ROBBERY] ROBBERY,ATM LOCATION",,,,,
"[PETIT LARCENY] LARCENY,PETIT BY ACQUIRING LOS",,,,,
"[DANGEROUS DRUGS] CONTROLLED SUBSTANCE, SALE 4",,,,,
"[ROBBERY] ROBBERY,CAR JACKING",,,,,
[SEX CRIMES] OBSCENITY 1,,,,,
"[MISCELLANEOUS PENAL LAW] CONSPIRACY 4, 3",,,,,
"[DANGEROUS DRUGS] CONTROLLED SUBSTANCE, POSSESSI",,,,,
"[ADMINISTRATIVE CODE] CIGARETTE,NO TAX STAMP,POSSESS",0.008240334951415166,0.0042962666135180575,0.0159078226331976,0.01595218543775942,0.011558116170850237
"[BURGLARY] BURGLARY,TRUCK NIGHT",-0.008740875163393922,-0.007303667382803661,-0.008083072146494898,-0.007296325214564955,-0.007971307745802767
"[GRAND LARCENY] LARCENY,GRAND FROM BUILDING (NON-RESIDENCE) UNATTENDED",,,,,
[MISCELLANEOUS PENAL LAW] SUPP. ACT TERR 2ND,,,,,
"[FELONY ASSAULT] ASSAULT 2,1,UNCLASSIFIED",0.0013313586411618536,-0.004009697126639449,-0.008083072146494912,0.005949568503479299,-0.0012047182811566104
[MISCELLANEOUS PENAL LAW] END WELFARE VULNERABLE ELDERLY PERSON,,,,,
"LEWDNESS,PUBLIC",0.06120740606230868,0.06310785010082498,0.06333652388449239,0.04934096571092473,0.06003666139900765
"[PETIT LARCENY] LARCENY,PETIT FROM OPEN AREAS,",,,,,
"[ROBBERY] ROBBERY,PUBLIC PLACE INSIDE",,,,,
SALE OF UNAUTHORIZED RECORDING,0.024196410129764038,0.012845795005781657,0.015419301404391296,0.0160062046263412,0.017291675797753592
"[OFFENSES INVOLVING FRAUD] BRIBERY,COMMERCIAL",,,,,
"[PETIT LARCENY OF MOTOR VEHICLE] LARCENY,PETIT OF MOTORCYCLE",,,,,
"[FORGERY] FORGERY,PRESCRIPTION",,,,,
[ADMINISTRATIVE CODE] POSSES OR CARRY A KNIFE,0.005445243194129168,0.014131027234064739,0.02437855631827641,0.009456992666894141,0.013779591495303549
[ADMINISTRATIVE CODE] IMITATION PISTOL/AIR RIFLE,-0.0063412900032290215,-0.0004089132949143362,-0.008258005839198874,-0.0034562429114708714,-0.0047442754492427125
[ADMINISTRATIVE CODE] GRAFFITI (ADMINISTRATIVE CODE-,0.019797120616180955,0.027283020306921237,0.026169414908640738,0.022138994158866727,0.024269500879864354
[MISCELLANEOUS PENAL LAW] PLACE FALSE BOMB,,,,,
[THEFT OF SERVICES] UNAUTH. SALE OF TRANS. SERVICE,,,,,
"[ROBBERY] ROBBERY,GAS STATION",,,,,
[DANGEROUS WEAPONS] WEAPONS POSSESSION 3,,,,,
"[CRIMINAL TRESPASS] TRESPASS 3, CRIMINAL",,,,,
"[FRAUDS] CHECK,BAD",,,,,
"[LOITERING/GAMBLING (CARDS, DIC] LOITERING,GAMBLING,OTHER",,,,,
"[ADMINISTRATIVE CODE] ALCOHOLIC BEVERAGES,PUBLIC CON",0.03527625318708159,0.048230299751622595,0.06169367829619646,0.044315834645785895,0.048494526205627095
[OFF. AGNST PUB ORD SENSBLTY &] RIOT 2/INCITING,,,,,
"[OFFENSES INVOLVING FRAUD] FORGERY,ETC.-MISD.",,,,,
"[PETIT LARCENY] LARCENY,PETIT OF BICYCLE",,,,,
"[GRAND LARCENY] LARCENY,GRAND FROM TRUCK, UNATTENDED",,,,,
[CRIMINAL MISCHIEF & RELATED OF] FALSE ALARM FIRE,,,,,
"[CRIMINAL MISCHIEF & RELATED OF] MISCHIEF, CRIMINAL 3&2, BY FIR",,,,,
"[CRIMINAL MISCHIEF & RELATED OF] MISCHIEF, CRIMINAL 4, OF MOTOR",-0.0022804259525533105,-0.0038138468454746517,0.005907820305312984,-0.0038131677203862616,-0.0009146710638802297
"[FRAUDS] FRAUD,UNCLASSIFIED-MISDEMEANOR",,,,,
"[MISCELLANEOUS PENAL LAW] FORGERY-ILLEGAL POSSESSION,VEH",,,,,
"[DANGEROUS DRUGS] CONTROLLED SUBSTANCE, INTENT T",,,,,
"[OFFENSES AGAINST PUBLIC ADMINI] PERJURY 3,ETC.",,,,,
"[ROBBERY] ROBBERY, PAYROLL",,,,,
"[PETIT LARCENY] LARCENY,PETIT FROM BUILDING,UN",,,,,
"[ROBBERY] ROBBERY,BODEGA/CONVENIENCE STORE",,,,,
"[DANGEROUS WEAPONS] WEAPONS,MFR,TRANSPORT,ETC.",,,,,
"[POSSESSION OF STOLEN PROPERTY] STOLEN PROP-MOTOR VEHICLE 3RD,",,,,,
"[THEFT-FRAUD] THEFT,RELATED OFFENSES,UNCLASS",,,,,
"[MISCELLANEOUS PENAL LAW] PUBLIC ADMINISTRATION,UNCLASSI",,,,,
"[ADMINISTRATIVE CODE] ADM.CODE,UNCLASSIFIED VIOLATIO",0.02923248935274026,0.03580430689323312,0.03290335275721547,0.017884084545174574,0.029215161320220517
"[ASSAULT 3 & RELATED OFFENSES] MENACING,UNCLASSIFIED",-0.026372495410555037,-0.022212712207472323,-0.02258098804172712,-0.025185886507924533,-0.0244681399239538
"[POSSESSION OF STOLEN PROPERTY] STOLEN PROPERTY-MOTOR VEH 2ND,",,,,,
[ESCAPE 3] ESCAPE 3,,,,,
"[ROBBERY] ROBBERY,LIQUOR STORE",,,,,
"[GRAND LARCENY] LARCENY,GRAND FROM OPEN AREAS, UNATTENDED",,,,,
"[ANTICIPATORY OFFENSES] CONSPIRACY 6, 5",-0.007062169529301317,-0.007303667382803685,-0.00510459501126567,-0.007296325214564983,-0.006777203722629974
[GRAND LARCENY] GRAND LARCENY-CHECK FROM MAILB,,,,,
"[GRAND LARCENY] LARCENY,GRAND OF BOAT",,,,,
"[ROBBERY] ROBBERY,PHARMACY",,,,,
[PROSTITUTION & RELATED OFFENSES] LOITERING TO PROMOTE PROSTITUT,,,,,
"[PETIT LARCENY] LARCENY,PETIT FROM STORE-SHOPL",,,,,
"[GRAND LARCENY OF MOTOR VEHICLE] LARCENY,GRAND OF MOTORCYCLE",,,,,
"[GRAND LARCENY] LARCENY,GRAND BY THEFT OF CREDIT CARD",,,,,
[MISCELLANEOUS PENAL LAW] ENTERPRISE CORRUPTION,,,,,
"[POSSESSION OF STOLEN PROPERTY] STOLEN PROPERTY 2,POSSESSION B",,,,,
OBSCENITY 1,,,,,
"[DANGEROUS DRUGS] MARIJUANA, SALE 4 & 5",,,,,
"[MISCELLANEOUS PENAL LAW] BRIBERY, POLICE OFFICER",,,,,
"[FORGERY] FORGERY,DRIVERS LICENSE",,,,,
"[PETIT LARCENY] LARCENY,PETIT BY CREDIT CARD U",,,,,
[MISCELLANEOUS PENAL LAW] TAMPERING WITH A WITNESS,,,,,
"[PROSTITUTION & RELATED OFFENSES] PROSTITUTION 3,PROMOTING BUSIN",,,,,
"[OTHER OFFENSES RELATED TO THEF] THEFT,RELATED OFFENSES,UNCLASS",,,,,
"[FRAUDS] IMPERSONATION 2, PUBLIC SERVAN",,,,,
"[NEW YORK CITY HEALTH CODE] HEALTH CODE,UNCLASSIFIED MISDE",,,,,
"[NYS LAWS-UNCLASSIFIED FELONY] NY STATE LAWS,UNCLASSIFIED FEL",,,,,
[FELONY ASSAULT] ASSAULT POLICE/PEACE OFFICER,,,,,
[DISORDERLY CONDUCT] DISORDERLY CONDUCT,,,,,
"[ROBBERY] ROBBERY,LICENSED MEDALLION CAB",,,,,
FALSE REPORT UNCLASSIFIED,0.05117647126782236,0.0553518566306838,0.06002575149693524,0.04871536596429839,0.05472974332825635
"[HOMICIDE-NEGLIGENT,UNCLASSIFIE] HOMICIDE,NEGLIGENT,UNCLASSIFIE",,,,,
[SEX CRIMES] COURSE OF SEXUAL CONDUCT AGAIN,,,,,
"[ROBBERY] ROBBERY,OF TRUCK DRIVER",,,,,
"[KIDNAPPING & RELATED OFFENSES] IMPRISONMENT 1,UNLAWFUL",,,,,
"[INTOXICATED & IMPAIRED DRIVING] INTOXICATED DRIVING,ALCOHOL",,,,,
"[DANGEROUS DRUGS] CONTROLLED SUBSTANCE, SALE 5",,,,,
[OFFENSES AGAINST PUBLIC ADMINI] VIOLATION OF ORDER OF PROTECTI,,,,,
"[GAMBLING] GAMBLING 2, PROMOTING, BOOKMAK",,,,,
"[GRAND LARCENY] LARCENY,GRAND FROM COIN MACHIN",,,,,
"[DANGEROUS DRUGS] DRUG PARAPHERNALIA,   POSSESSE",,,,,
"[ROBBERY] ROBBERY,RESIDENTIAL COMMON AREA",,,,,
"[PROSTITUTION & RELATED OFFENSES] PROSTITUTION, PATRONIZING 4, 3",,,,,
"[BURGLARY] BURGLARY,TRUCK DAY",,,,,
"[MISCELLANEOUS PENAL LAW] PERJURY 2,1,ETC",,,,,
"[CRIMINAL MISCHIEF & RELATED OF] MISCHIEF, CRIMINAL 3 & 2, OF M",-0.005383463895208667,-0.008950652510885792,-0.009572310714109519,-0.008768091183236513,-0.008369342420193713
[MISCELLANEOUS PENAL LAW] COERCION 1,,,,,
"[ROBBERY] ROBBERY,DOCTOR/DENTIST OFFICE",,,,,
"[GRAND LARCENY] LARCENY,GRAND BY DISHONEST EMP",,,,,
"[ROBBERY] ROBBERY,OPEN AREA UNCLASSIFIED",0.006367475543439887,0.007519198769935601,0.027658653476255003,-0.0028810273085502097,0.009940252601790144
"[BURGLARY] BURGLARY,RESIDENCE,DAY",-0.026075109096268596,-0.03429746254117068,-0.027285866152123688,-0.0265020028182522,-0.028931636962530448
"[OFFENSES AGAINST PUBLIC ADMINI] PUBLIC ADMINISTATION,UNCLASS M",,,,,
"[ROBBERY] ROBBERY,UNLICENSED FOR HIRE VEHICLE",,,,,
[SEX CRIMES] SODOMY 3,,,,,
"[CRIMINAL MISCHIEF & RELATED OF] MISCHIEF 1,CRIMINAL,EXPLOSIVE",,,,,
"[POSSESSION OF STOLEN PROPERTY] STOLEN PROPERTY 3,POSSESSION",,,,,
"NUISANCE,CRIMINAL,UNCLASSIFIED",0.015776224541147247,0.027553058292025295,0.021960622567198915,0.022799695371786163,0.022435159375684424
[JOSTLING] JOSTLING,,,,,
"[GRAND LARCENY] LARCENY,GRAND FROM PERSON,PURS",,,,,
[DANGEROUS WEAPONS] CRIMINAL DISPOSAL FIREARM 1 &,,,,,
"[ADMINISTRATIVE CODE] ADM.CODE,UNCLASSIFIED MISDEMEA",0.004458094261399026,0.011964993264484582,0.017029376975569714,0.015140970972087843,0.012595025470152205
"[ADMINISTRATIVE CODE] PARKR&R,UNCLASSIFIED VIOLATION",-0.0006019201044708641,0.0006624266768925293,-0.008845789441093896,-0.002442119120621278,-0.00300734118513943
"[ROBBERY] ROBBERY,HIJACKING",,,,,
[SEX CRIMES] AGGRAVATED SEXUAL ASBUSE,,,,,
[OFFENSES AGAINST THE PERSON] COERCION 2,,,,,
"[DANGEROUS DRUGS] CONTROLLED SUBSTANCE,INTENT TO",,,,,
[SEX CRIMES] OBSCENE MATERIAL - UNDER 17 YE,,,,,
[SEX CRIMES] SEXUAL ABUSE,,,,,
TotalCrime,0.20955458684705114,0.23876537803469713,0.2563590054395005,0.2034734615765215,0.2309375118503734
